id,mean_EDA,sd_EDA,mean_HR,sd_HR
1.1,0.2279277,0.00200494737917914,79.3683333333333,0.455314088888351
