"id,mean_EDA,sd_EDA,mean_HR,sd_HR"
"10.1,4.23898708333333,0.129782204700545,70.4253333333333,0.791322478113578"
