"id,mean_EDA,sd_EDA,mean_HR,sd_HR"
"11.1,5.68851929166667,0.11707759412669,68.7953333333333,0.114793167324401"
