"id,mean_EDA,sd_EDA,mean_HR,sd_HR"
"12.1,5.41828693333333,0.301542601421445,87.748,0.886357910117344"
