"id,mean_EDA,sd_EDA,mean_HR,sd_HR"
"13.1,7.16147113333333,0.115548750077923,76.656,0.737108048973873"
