"id,mean_EDA,sd_EDA,mean_HR,sd_HR"
"14.1,0.791019275,0.0104647400927808,63.366,0.488640619650488"
