"id,mean_EDA,sd_EDA,mean_HR,sd_HR"
"15.1,4.48382960833333,0.0746137830819701,52.7236666666667,2.05856240988761"
