"id,mean_EDA,sd_EDA,mean_HR,sd_HR"
"16.1,0.411217,0.00249290656857891,74.2683333333333,0.959831462696243"
