"id,mean_EDA,sd_EDA,mean_HR,sd_HR"
"17.1,0.99748115,0.0263760551384468,91.629,0.58227467152835"
