"id,mean_EDA,sd_EDA,mean_HR,sd_HR"
"18.1,0.251974858333333,0.00212547184003625,88.0863333333333,0.602423171998654"
