"id,mean_EDA,sd_EDA,mean_HR,sd_HR"
"19.1,0.428750241666667,0.00256903300316647,70.6886666666667,0.265209524629157"
