"id,mean_EDA,sd_EDA,mean_HR,sd_HR"
"2.1,0.261197733333333,0.00375390787468907,75.656,2.24711247665946"
