"id,mean_EDA,sd_EDA,mean_HR,sd_HR"
"20.1,1.16150093333333,0.0227037809074021,65.2046666666667,0.0657441925235558"
