"id,mean_EDA,sd_EDA,mean_HR,sd_HR"
"21.1,0.485618033333333,0.00854543106773048,93.4116666666667,0.346769160357019"
