"id,mean_EDA,sd_EDA,mean_HR,sd_HR"
"22.1,0.448652466666667,0.00303744814648366,74.051,0.762624099567657"
