"id,mean_EDA,sd_EDA,mean_HR,sd_HR"
"3.1,0.0938318083333333,0.00259567274126803,65.0366666666667,0.363956546604249"
