"id,mean_EDA,sd_EDA,mean_HR,sd_HR"
"4.1,0.220875266666667,0.00304226088454555,88.6226666666667,0.849007263416123"
