"id,mean_EDA,sd_EDA,mean_HR,sd_HR"
"5.1,0.799490208333333,0.0669247544331021,62.27,1.37550742988003"
