"id,mean_EDA,sd_EDA,mean_HR,sd_HR"
"6.1,0.247280666666667,0.00247102966097823,69.157,0.499635384296767"
