"id,mean_EDA,sd_EDA,mean_HR,sd_HR"
"7.1,0.885368733333333,0.00539843398197134,95.0596666666667,1.02038695612492"
