"id,mean_EDA,sd_EDA,mean_HR,sd_HR"
"8.1,5.33550108333333,0.185988102038207,72.7493333333333,2.24416013524964"
