"id,mean_EDA,sd_EDA,mean_HR,sd_HR"
"9.1,0.317449066666667,0.00808063534582256,91.5863333333333,0.451010232572453"
